<?xml version="1.0" encoding="UTF-8"?>
<?xml-model href="https://jeremylong.github.io/DependencyCheck/dependency-suppression.1.3.xsd"?>
<suppressions xmlns="https://jeremylong.github.io/DependencyCheck/dependency-suppression.1.3.xsd">
   <suppress>
      <notes><![CDATA[
      file name: jackson-databind-2.10.2.jar
      ]]></notes>
      <packageUrl regex="true">^pkg:maven/com\.fasterxml\.jackson\.core/jackson-databind@.*$</packageUrl>
      <cpe>cpe:/a:fasterxml:jackson-modules-java8</cpe>
   </suppress>

	<suppress>
   		<notes><![CDATA[
   file name: bcprov-jdk15on-1.46.jar
   ]]></notes>
   <packageUrl regex="true">^pkg:maven/org\.bouncycastle/bcprov\-jdk15on@.*$</packageUrl>
   <cpe>cpe:/a:bouncycastle:bouncy_castle_for_java</cpe>
 </suppress>
 
<suppress>
   <notes><![CDATA[
   file name: bcprov-jdk15on-1.46.jar
   ]]></notes>
   <packageUrl regex="true">^pkg:maven/org\.bouncycastle/bcprov-jdk15on@.*$</packageUrl>
   <vulnerabilityName>>CVE-2024-34447</vulnerabilityName>
</suppress>
   
 <suppress>
      <notes><![CDATA[
      file name: bcprov-jdk15on-1.46.jar
      ]]></notes>
      <packageUrl regex="true">^pkg:maven/org\.bouncycastle/bcprov\-jdk15on@.*$</packageUrl>
      <vulnerabilityName>CVE-2015-6644</vulnerabilityName>
</suppress>

<suppress>
   <notes><![CDATA[
   file name: bcprov-jdk15on-1.46.jar
   ]]></notes>
   <packageUrl regex="true">^pkg:maven/org\.bouncycastle/bcprov-jdk15on@.*$</packageUrl>
   <cpe>cpe:/a:bouncycastle:the_bouncy_castle_crypto_package_for_java</cpe>
</suppress>

<suppress>
   <notes><![CDATA[
   file name: jackson-databind-2.10.2.jar
   ]]></notes>
   <packageUrl regex="true">^pkg:maven/com\.fasterxml\.jackson\.core/jackson-databind@.*$</packageUrl>
   <cpe>cpe:/a:fasterxml:jackson-modules-java8</cpe>
</suppress>
 
<suppress>
  	<notes><![CDATA[
 	 This suppresses false positives identified on spring security.
	  ]]></notes>
 	 <gav regex="true">org\.springframework\.security:spring.*</gav>
 	 <vulnerabilityName regex="true"></vulnerabilityName>
</suppress>
     
<suppress>
    <notes><![CDATA[
    This suppresses false positives identified on spring security.
    ]]></notes>
    <gav regex="true">org\.springframework\.security:spring.*</gav>
    <cpe>cpe:/a:vmware:springsource_spring_framework</cpe>
    <cpe>cpe:/a:springsource:spring_framework</cpe>
    <cpe>cpe:/a:mod_security:mod_security</cpe>
</suppress>

</suppressions>
